{
  "mean": [
    109.73388671875,
    54.77429962158203,
    33.71428680419922,
    108.53571319580078,
    197.48809814453125,
    163.7738037109375,
    0.03142446279525757,
    0.011073442175984383,
    86.38987731933594,
    50.348731994628906,
    110.92915344238281,
    110.05670166015625,
    104.98326873779297,
    128.84703063964844,
    131.2194366455078,
    0.05110914260149002,
    584.1055908203125,
    0.05621654540300369,
    6.997365951538086,
    14.488990783691406,
    97.46428680419922,
    104.20237731933594,
    104.45237731933594,
    0.2548336088657379,
    96.54762268066406,
    99.96428680419922,
    99.13095092773438,
    0.15669795870780945,
    111.3452377319336,
    113.61904907226562,
    110.5,
    0.12386256456375122,
    114.0952377319336,
    113.42857360839844,
    109.05952453613281,
    0.1054413691163063,
    124.63095092773438,
    118.04762268066406,
    108.33333587646484,
    0.08779390901327133,
    115.72618865966797,
    112.6547622680664,
    105.21428680419922,
    0.07724899798631668,
    139.04762268066406,
    132.25,
    118.17857360839844,
    0.06635824590921402,
    137.65475463867188,
    120.39286041259766,
    105.21428680419922,
    0.055009979754686356,
    147.64285278320312,
    127.92857360839844,
    108.96428680419922,
    0.04210527986288071,
    158.39285278320312,
    131.0595245361328,
    106.88095092773438,
    0.030648140236735344
  ],
  "std": [
    41.71772003173828,
    15.735040664672852,
    30.596284866333008,
    54.62827682495117,
    39.165245056152344,
    43.209991455078125,
    0.11025739461183548,
    0.05527849122881889,
    42.84867858886719,
    16.32782554626465,
    46.46602249145508,
    41.06937026977539,
    42.523868560791016,
    6.2147955894470215,
    10.015686988830566,
    0.05442434176802635,
    751.4931640625,
    0.05474668741226196,
    0.7699882984161377,
    9.136171340942383,
    88.8359146118164,
    84.54045867919922,
    86.17098236083984,
    0.11530527472496033,
    76.04219055175781,
    69.72589111328125,
    72.70958709716797,
    0.03714913874864578,
    72.68531036376953,
    65.227783203125,
    67.93457794189453,
    0.025762775912880898,
    65.12326049804688,
    57.17689514160156,
    58.07001876831055,
    0.022417007014155388,
    64.20870208740234,
    53.18026351928711,
    56.22474670410156,
    0.021710501983761787,
    59.45393753051758,
    48.83024215698242,
    53.053001403808594,
    0.020597854629158974,
    64.6234359741211,
    51.1384391784668,
    54.50822448730469,
    0.0198364295065403,
    58.40795135498047,
    50.06353759765625,
    55.09150314331055,
    0.018895771354436874,
    70.8287124633789,
    63.044158935546875,
    61.30940628051758,
    0.01739680953323841,
    64.78426361083984,
    62.84170913696289,
    63.12052917480469,
    0.016847331076860428
  ]
}