{
  "mean": [
    2.517857074737549,
    -10.839285850524902,
    1.1428571939468384,
    -10.339285850524902,
    17.160715103149414,
    9.803571701049805,
    0.5717461705207825,
    0.49164706468582153,
    0.5031303763389587,
    0.9284327626228333,
    0.49357375502586365,
    0.5238314270973206
  ],
  "std": [
    4.523711204528809,
    16.902849197387695,
    9.138671875,
    28.167409896850586,
    19.564706802368164,
    9.347306251525879,
    0.28399673104286194,
    0.07008685171604156,
    0.07965739816427231,
    0.11205857247114182,
    0.04690977558493614,
    0.06599792838096619
  ]
}