{
  "mean": [
    3.1309523582458496,
    -2.107142925262451,
    1.7857142686843872,
    -11.797618865966797,
    17.119047164916992,
    10.869047164916992,
    0.6345334053039551,
    0.499270498752594,
    0.5045046806335449,
    0.9463967084884644,
    0.4947578012943268,
    0.5140311121940613
  ],
  "std": [
    4.659296035766602,
    18.507410049438477,
    7.871090888977051,
    28.196073532104492,
    19.8598690032959,
    9.362768173217773,
    0.26671430468559265,
    0.06495886296033859,
    0.06992894411087036,
    0.09751828759908676,
    0.03947211429476738,
    0.0567687451839447
  ]
}