{
  "mean": [
    98.487548828125,
    53.199710845947266,
    27.26785659790039,
    95.44642639160156,
    186.1607208251953,
    158.89285278320312,
    0.04444827511906624,
    0.0025572949089109898,
    100.57486724853516,
    51.5361213684082,
    98.03063201904297,
    99.54981231689453,
    94.3221206665039,
    128.42080688476562,
    131.14108276367188,
    0.020292295143008232,
    509.41009521484375,
    0.04491659253835678,
    6.9408183097839355,
    11.723933219909668,
    71.23213958740234,
    80.125,
    81.01786041259766,
    0.2557043433189392,
    83.30357360839844,
    88.83928680419922,
    87.53571319580078,
    0.15939605236053467,
    95.67857360839844,
    102.67857360839844,
    99.73213958740234,
    0.12552188336849213,
    107.17857360839844,
    109.67857360839844,
    105.64286041259766,
    0.10437355935573578,
    121.03571319580078,
    113.0,
    101.01786041259766,
    0.08816318958997726,
    116.85713958740234,
    113.25,
    100.98213958740234,
    0.07673456519842148,
    133.60714721679688,
    130.0357208251953,
    117.03571319580078,
    0.06505618989467621,
    137.44642639160156,
    120.83928680419922,
    106.66071319580078,
    0.053891103714704514,
    148.07142639160156,
    129.0357208251953,
    111.44642639160156,
    0.04211068153381348,
    147.0892791748047,
    123.42857360839844,
    102.91071319580078,
    0.029048413038253784
  ],
  "std": [
    40.3196907043457,
    16.12860107421875,
    24.584760665893555,
    53.37499237060547,
    43.93858337402344,
    44.33302688598633,
    0.13318409025669098,
    0.010519593022763729,
    47.941009521484375,
    15.836992263793945,
    45.702693939208984,
    39.939552307128906,
    42.21142578125,
    7.320212364196777,
    11.542370796203613,
    0.00747668044641614,
    651.4608154296875,
    0.04363371431827545,
    0.8065832257270813,
    6.590451717376709,
    77.114013671875,
    75.1427230834961,
    78.94538879394531,
    0.11881288886070251,
    73.15929412841797,
    66.59680938720703,
    69.52183532714844,
    0.042082395404577255,
    72.3622055053711,
    65.34007263183594,
    69.36869812011719,
    0.0246278103441,
    69.9801254272461,
    62.6954345703125,
    64.58837890625,
    0.021760158240795135,
    58.90790557861328,
    50.11201858520508,
    55.154483795166016,
    0.022806387394666672,
    65.98062896728516,
    51.845664978027344,
    53.83887481689453,
    0.022277940064668655,
    66.56996154785156,
    54.85727310180664,
    58.923065185546875,
    0.021151680499315262,
    62.7264289855957,
    54.42910385131836,
    61.8610954284668,
    0.019827088341116905,
    65.4781494140625,
    56.5382194519043,
    56.018463134765625,
    0.01874803565442562,
    65.60713195800781,
    56.76041793823242,
    56.10617446899414,
    0.016859615221619606
  ]
}